"TIME_ID";"THE_DATE";"THE_MONTH";"THE_YEAR";"QUARTER"
824;03-APR-98;"1998-04";1998;"Q2"
825;04-APR-98;"1998-04";1998;"Q2"
826;05-APR-98;"1998-04";1998;"Q2"
827;06-APR-98;"1998-04";1998;"Q2"
828;07-APR-98;"1998-04";1998;"Q2"
829;08-APR-98;"1998-04";1998;"Q2"
830;09-APR-98;"1998-04";1998;"Q2"
831;10-APR-98;"1998-04";1998;"Q2"
832;11-APR-98;"1998-04";1998;"Q2"
833;12-APR-98;"1998-04";1998;"Q2"
834;13-APR-98;"1998-04";1998;"Q2"
835;14-APR-98;"1998-04";1998;"Q2"
836;15-APR-98;"1998-04";1998;"Q2"
837;16-APR-98;"1998-04";1998;"Q2"
838;17-APR-98;"1998-04";1998;"Q2"
839;18-APR-98;"1998-04";1998;"Q2"
840;19-APR-98;"1998-04";1998;"Q2"
841;20-APR-98;"1998-04";1998;"Q2"
842;21-APR-98;"1998-04";1998;"Q2"
843;22-APR-98;"1998-04";1998;"Q2"
844;23-APR-98;"1998-04";1998;"Q2"
845;24-APR-98;"1998-04";1998;"Q2"
846;25-APR-98;"1998-04";1998;"Q2"
847;26-APR-98;"1998-04";1998;"Q2"
848;27-APR-98;"1998-04";1998;"Q2"
849;28-APR-98;"1998-04";1998;"Q2"
850;29-APR-98;"1998-04";1998;"Q2"
851;30-APR-98;"1998-04";1998;"Q2"
852;01-MAY-98;"1998-05";1998;"Q2"
853;02-MAY-98;"1998-05";1998;"Q2"
854;03-MAY-98;"1998-05";1998;"Q2"
855;04-MAY-98;"1998-05";1998;"Q2"
856;05-MAY-98;"1998-05";1998;"Q2"
857;06-MAY-98;"1998-05";1998;"Q2"
858;07-MAY-98;"1998-05";1998;"Q2"
859;08-MAY-98;"1998-05";1998;"Q2"
860;09-MAY-98;"1998-05";1998;"Q2"
861;10-MAY-98;"1998-05";1998;"Q2"
862;11-MAY-98;"1998-05";1998;"Q2"
863;12-MAY-98;"1998-05";1998;"Q2"
864;13-MAY-98;"1998-05";1998;"Q2"
865;14-MAY-98;"1998-05";1998;"Q2"
866;15-MAY-98;"1998-05";1998;"Q2"
867;16-MAY-98;"1998-05";1998;"Q2"
868;17-MAY-98;"1998-05";1998;"Q2"
869;18-MAY-98;"1998-05";1998;"Q2"
870;19-MAY-98;"1998-05";1998;"Q2"
871;20-MAY-98;"1998-05";1998;"Q2"
872;21-MAY-98;"1998-05";1998;"Q2"
873;22-MAY-98;"1998-05";1998;"Q2"
874;23-MAY-98;"1998-05";1998;"Q2"
875;24-MAY-98;"1998-05";1998;"Q2"
876;25-MAY-98;"1998-05";1998;"Q2"
877;26-MAY-98;"1998-05";1998;"Q2"
878;27-MAY-98;"1998-05";1998;"Q2"
879;28-MAY-98;"1998-05";1998;"Q2"
880;29-MAY-98;"1998-05";1998;"Q2"
881;30-MAY-98;"1998-05";1998;"Q2"
882;31-MAY-98;"1998-05";1998;"Q2"
883;01-JUN-98;"1998-06";1998;"Q2"
884;02-JUN-98;"1998-06";1998;"Q2"
885;03-JUN-98;"1998-06";1998;"Q2"
886;04-JUN-98;"1998-06";1998;"Q2"
887;05-JUN-98;"1998-06";1998;"Q2"
888;06-JUN-98;"1998-06";1998;"Q2"
889;07-JUN-98;"1998-06";1998;"Q2"
890;08-JUN-98;"1998-06";1998;"Q2"
891;09-JUN-98;"1998-06";1998;"Q2"
892;10-JUN-98;"1998-06";1998;"Q2"
893;11-JUN-98;"1998-06";1998;"Q2"
894;12-JUN-98;"1998-06";1998;"Q2"
895;13-JUN-98;"1998-06";1998;"Q2"
896;14-JUN-98;"1998-06";1998;"Q2"
897;15-JUN-98;"1998-06";1998;"Q2"
898;16-JUN-98;"1998-06";1998;"Q2"
899;17-JUN-98;"1998-06";1998;"Q2"
900;18-JUN-98;"1998-06";1998;"Q2"
901;19-JUN-98;"1998-06";1998;"Q2"
902;20-JUN-98;"1998-06";1998;"Q2"
903;21-JUN-98;"1998-06";1998;"Q2"
904;22-JUN-98;"1998-06";1998;"Q2"
905;23-JUN-98;"1998-06";1998;"Q2"
906;24-JUN-98;"1998-06";1998;"Q2"
907;25-JUN-98;"1998-06";1998;"Q2"
908;26-JUN-98;"1998-06";1998;"Q2"
909;27-JUN-98;"1998-06";1998;"Q2"
910;28-JUN-98;"1998-06";1998;"Q2"
911;29-JUN-98;"1998-06";1998;"Q2"
912;30-JUN-98;"1998-06";1998;"Q2"
913;01-JUL-98;"1998-07";1998;"Q3"
914;02-JUL-98;"1998-07";1998;"Q3"
915;03-JUL-98;"1998-07";1998;"Q3"
916;04-JUL-98;"1998-07";1998;"Q3"
917;05-JUL-98;"1998-07";1998;"Q3"
918;06-JUL-98;"1998-07";1998;"Q3"
919;07-JUL-98;"1998-07";1998;"Q3"
920;08-JUL-98;"1998-07";1998;"Q3"
921;09-JUL-98;"1998-07";1998;"Q3"
922;10-JUL-98;"1998-07";1998;"Q3"
923;11-JUL-98;"1998-07";1998;"Q3"
924;12-JUL-98;"1998-07";1998;"Q3"
925;13-JUL-98;"1998-07";1998;"Q3"
926;14-JUL-98;"1998-07";1998;"Q3"
927;15-JUL-98;"1998-07";1998;"Q3"
928;16-JUL-98;"1998-07";1998;"Q3"
929;17-JUL-98;"1998-07";1998;"Q3"
930;18-JUL-98;"1998-07";1998;"Q3"
931;19-JUL-98;"1998-07";1998;"Q3"
932;20-JUL-98;"1998-07";1998;"Q3"
933;21-JUL-98;"1998-07";1998;"Q3"
934;22-JUL-98;"1998-07";1998;"Q3"
935;23-JUL-98;"1998-07";1998;"Q3"
936;24-JUL-98;"1998-07";1998;"Q3"
937;25-JUL-98;"1998-07";1998;"Q3"
938;26-JUL-98;"1998-07";1998;"Q3"
939;27-JUL-98;"1998-07";1998;"Q3"
940;28-JUL-98;"1998-07";1998;"Q3"
941;29-JUL-98;"1998-07";1998;"Q3"
942;30-JUL-98;"1998-07";1998;"Q3"
943;31-JUL-98;"1998-07";1998;"Q3"
944;01-AUG-98;"1998-08";1998;"Q3"
945;02-AUG-98;"1998-08";1998;"Q3"
946;03-AUG-98;"1998-08";1998;"Q3"
947;04-AUG-98;"1998-08";1998;"Q3"
948;05-AUG-98;"1998-08";1998;"Q3"
949;06-AUG-98;"1998-08";1998;"Q3"
950;07-AUG-98;"1998-08";1998;"Q3"
951;08-AUG-98;"1998-08";1998;"Q3"
952;09-AUG-98;"1998-08";1998;"Q3"
953;10-AUG-98;"1998-08";1998;"Q3"
954;11-AUG-98;"1998-08";1998;"Q3"
955;12-AUG-98;"1998-08";1998;"Q3"
956;13-AUG-98;"1998-08";1998;"Q3"
957;14-AUG-98;"1998-08";1998;"Q3"
958;15-AUG-98;"1998-08";1998;"Q3"
959;16-AUG-98;"1998-08";1998;"Q3"
960;17-AUG-98;"1998-08";1998;"Q3"
961;18-AUG-98;"1998-08";1998;"Q3"
962;19-AUG-98;"1998-08";1998;"Q3"
963;20-AUG-98;"1998-08";1998;"Q3"
964;21-AUG-98;"1998-08";1998;"Q3"
965;22-AUG-98;"1998-08";1998;"Q3"
966;23-AUG-98;"1998-08";1998;"Q3"
967;24-AUG-98;"1998-08";1998;"Q3"
968;25-AUG-98;"1998-08";1998;"Q3"
969;26-AUG-98;"1998-08";1998;"Q3"
970;27-AUG-98;"1998-08";1998;"Q3"
971;28-AUG-98;"1998-08";1998;"Q3"
972;29-AUG-98;"1998-08";1998;"Q3"
973;30-AUG-98;"1998-08";1998;"Q3"
974;31-AUG-98;"1998-08";1998;"Q3"
975;01-SEP-98;"1998-09";1998;"Q3"
976;02-SEP-98;"1998-09";1998;"Q3"
977;03-SEP-98;"1998-09";1998;"Q3"
978;04-SEP-98;"1998-09";1998;"Q3"
979;05-SEP-98;"1998-09";1998;"Q3"
980;06-SEP-98;"1998-09";1998;"Q3"
981;07-SEP-98;"1998-09";1998;"Q3"
982;08-SEP-98;"1998-09";1998;"Q3"
983;09-SEP-98;"1998-09";1998;"Q3"
984;10-SEP-98;"1998-09";1998;"Q3"
985;11-SEP-98;"1998-09";1998;"Q3"
986;12-SEP-98;"1998-09";1998;"Q3"
987;13-SEP-98;"1998-09";1998;"Q3"
988;14-SEP-98;"1998-09";1998;"Q3"
989;15-SEP-98;"1998-09";1998;"Q3"
990;16-SEP-98;"1998-09";1998;"Q3"
991;17-SEP-98;"1998-09";1998;"Q3"
992;18-SEP-98;"1998-09";1998;"Q3"
993;19-SEP-98;"1998-09";1998;"Q3"
994;20-SEP-98;"1998-09";1998;"Q3"
995;21-SEP-98;"1998-09";1998;"Q3"
996;22-SEP-98;"1998-09";1998;"Q3"
997;23-SEP-98;"1998-09";1998;"Q3"
998;24-SEP-98;"1998-09";1998;"Q3"
999;25-SEP-98;"1998-09";1998;"Q3"
1000;26-SEP-98;"1998-09";1998;"Q3"
1001;27-SEP-98;"1998-09";1998;"Q3"
1002;28-SEP-98;"1998-09";1998;"Q3"
1003;29-SEP-98;"1998-09";1998;"Q3"
1004;30-SEP-98;"1998-09";1998;"Q3"
1005;01-OCT-98;"1998-10";1998;"Q4"
1006;02-OCT-98;"1998-10";1998;"Q4"
1007;03-OCT-98;"1998-10";1998;"Q4"
1008;04-OCT-98;"1998-10";1998;"Q4"
1009;05-OCT-98;"1998-10";1998;"Q4"
1010;06-OCT-98;"1998-10";1998;"Q4"
1011;07-OCT-98;"1998-10";1998;"Q4"
1012;08-OCT-98;"1998-10";1998;"Q4"
1013;09-OCT-98;"1998-10";1998;"Q4"
1014;10-OCT-98;"1998-10";1998;"Q4"
1015;11-OCT-98;"1998-10";1998;"Q4"
1016;12-OCT-98;"1998-10";1998;"Q4"
1017;13-OCT-98;"1998-10";1998;"Q4"
1018;14-OCT-98;"1998-10";1998;"Q4"
1019;15-OCT-98;"1998-10";1998;"Q4"
1020;16-OCT-98;"1998-10";1998;"Q4"
1021;17-OCT-98;"1998-10";1998;"Q4"
1022;18-OCT-98;"1998-10";1998;"Q4"
1023;19-OCT-98;"1998-10";1998;"Q4"
1024;20-OCT-98;"1998-10";1998;"Q4"
1025;21-OCT-98;"1998-10";1998;"Q4"
1026;22-OCT-98;"1998-10";1998;"Q4"
1027;23-OCT-98;"1998-10";1998;"Q4"
1028;24-OCT-98;"1998-10";1998;"Q4"
1029;25-OCT-98;"1998-10";1998;"Q4"
1030;26-OCT-98;"1998-10";1998;"Q4"
1031;27-OCT-98;"1998-10";1998;"Q4"
1032;28-OCT-98;"1998-10";1998;"Q4"
1033;29-OCT-98;"1998-10";1998;"Q4"
1034;30-OCT-98;"1998-10";1998;"Q4"
1035;31-OCT-98;"1998-10";1998;"Q4"
1036;01-NOV-98;"1998-11";1998;"Q4"
1037;02-NOV-98;"1998-11";1998;"Q4"
1038;03-NOV-98;"1998-11";1998;"Q4"
1039;04-NOV-98;"1998-11";1998;"Q4"
1040;05-NOV-98;"1998-11";1998;"Q4"
1041;06-NOV-98;"1998-11";1998;"Q4"
1042;07-NOV-98;"1998-11";1998;"Q4"
1043;08-NOV-98;"1998-11";1998;"Q4"
1044;09-NOV-98;"1998-11";1998;"Q4"
1045;10-NOV-98;"1998-11";1998;"Q4"
1046;11-NOV-98;"1998-11";1998;"Q4"
1047;12-NOV-98;"1998-11";1998;"Q4"
1048;13-NOV-98;"1998-11";1998;"Q4"
1049;14-NOV-98;"1998-11";1998;"Q4"
1050;15-NOV-98;"1998-11";1998;"Q4"
1051;16-NOV-98;"1998-11";1998;"Q4"
1052;17-NOV-98;"1998-11";1998;"Q4"
1053;18-NOV-98;"1998-11";1998;"Q4"
1054;19-NOV-98;"1998-11";1998;"Q4"
1055;20-NOV-98;"1998-11";1998;"Q4"
1056;21-NOV-98;"1998-11";1998;"Q4"
1057;22-NOV-98;"1998-11";1998;"Q4"
1058;23-NOV-98;"1998-11";1998;"Q4"
1059;24-NOV-98;"1998-11";1998;"Q4"
1060;25-NOV-98;"1998-11";1998;"Q4"
1061;26-NOV-98;"1998-11";1998;"Q4"
1062;27-NOV-98;"1998-11";1998;"Q4"
1063;28-NOV-98;"1998-11";1998;"Q4"
1064;29-NOV-98;"1998-11";1998;"Q4"
1065;30-NOV-98;"1998-11";1998;"Q4"
1066;01-DEC-98;"1998-12";1998;"Q4"
1067;02-DEC-98;"1998-12";1998;"Q4"
1068;03-DEC-98;"1998-12";1998;"Q4"
1069;04-DEC-98;"1998-12";1998;"Q4"
1070;05-DEC-98;"1998-12";1998;"Q4"
1071;06-DEC-98;"1998-12";1998;"Q4"
1072;07-DEC-98;"1998-12";1998;"Q4"
1073;08-DEC-98;"1998-12";1998;"Q4"
1074;09-DEC-98;"1998-12";1998;"Q4"
1075;10-DEC-98;"1998-12";1998;"Q4"
1076;11-DEC-98;"1998-12";1998;"Q4"
1077;12-DEC-98;"1998-12";1998;"Q4"
1078;13-DEC-98;"1998-12";1998;"Q4"
1079;14-DEC-98;"1998-12";1998;"Q4"
1080;15-DEC-98;"1998-12";1998;"Q4"
1081;16-DEC-98;"1998-12";1998;"Q4"
1082;17-DEC-98;"1998-12";1998;"Q4"
1083;18-DEC-98;"1998-12";1998;"Q4"
1084;19-DEC-98;"1998-12";1998;"Q4"
1085;20-DEC-98;"1998-12";1998;"Q4"
1086;21-DEC-98;"1998-12";1998;"Q4"
1087;22-DEC-98;"1998-12";1998;"Q4"
1088;23-DEC-98;"1998-12";1998;"Q4"
1089;24-DEC-98;"1998-12";1998;"Q4"
1090;25-DEC-98;"1998-12";1998;"Q4"
1091;26-DEC-98;"1998-12";1998;"Q4"
1092;27-DEC-98;"1998-12";1998;"Q4"
1093;28-DEC-98;"1998-12";1998;"Q4"
1094;29-DEC-98;"1998-12";1998;"Q4"
1095;30-DEC-98;"1998-12";1998;"Q4"
1096;31-DEC-98;"1998-12";1998;"Q4"
367;01-JAN-97;"1997-01";1997;"Q1"
368;02-JAN-97;"1997-01";1997;"Q1"
369;03-JAN-97;"1997-01";1997;"Q1"
370;04-JAN-97;"1997-01";1997;"Q1"
371;05-JAN-97;"1997-01";1997;"Q1"
372;06-JAN-97;"1997-01";1997;"Q1"
373;07-JAN-97;"1997-01";1997;"Q1"
374;08-JAN-97;"1997-01";1997;"Q1"
375;09-JAN-97;"1997-01";1997;"Q1"
376;10-JAN-97;"1997-01";1997;"Q1"
377;11-JAN-97;"1997-01";1997;"Q1"
378;12-JAN-97;"1997-01";1997;"Q1"
379;13-JAN-97;"1997-01";1997;"Q1"
380;14-JAN-97;"1997-01";1997;"Q1"
381;15-JAN-97;"1997-01";1997;"Q1"
382;16-JAN-97;"1997-01";1997;"Q1"
383;17-JAN-97;"1997-01";1997;"Q1"
384;18-JAN-97;"1997-01";1997;"Q1"
385;19-JAN-97;"1997-01";1997;"Q1"
386;20-JAN-97;"1997-01";1997;"Q1"
387;21-JAN-97;"1997-01";1997;"Q1"
388;22-JAN-97;"1997-01";1997;"Q1"
389;23-JAN-97;"1997-01";1997;"Q1"
390;24-JAN-97;"1997-01";1997;"Q1"
391;25-JAN-97;"1997-01";1997;"Q1"
392;26-JAN-97;"1997-01";1997;"Q1"
393;27-JAN-97;"1997-01";1997;"Q1"
394;28-JAN-97;"1997-01";1997;"Q1"
395;29-JAN-97;"1997-01";1997;"Q1"
396;30-JAN-97;"1997-01";1997;"Q1"
397;31-JAN-97;"1997-01";1997;"Q1"
398;01-FEB-97;"1997-02";1997;"Q1"
399;02-FEB-97;"1997-02";1997;"Q1"
400;03-FEB-97;"1997-02";1997;"Q1"
401;04-FEB-97;"1997-02";1997;"Q1"
402;05-FEB-97;"1997-02";1997;"Q1"
403;06-FEB-97;"1997-02";1997;"Q1"
404;07-FEB-97;"1997-02";1997;"Q1"
405;08-FEB-97;"1997-02";1997;"Q1"
406;09-FEB-97;"1997-02";1997;"Q1"
407;10-FEB-97;"1997-02";1997;"Q1"
408;11-FEB-97;"1997-02";1997;"Q1"
409;12-FEB-97;"1997-02";1997;"Q1"
410;13-FEB-97;"1997-02";1997;"Q1"
411;14-FEB-97;"1997-02";1997;"Q1"
412;15-FEB-97;"1997-02";1997;"Q1"
413;16-FEB-97;"1997-02";1997;"Q1"
414;17-FEB-97;"1997-02";1997;"Q1"
415;18-FEB-97;"1997-02";1997;"Q1"
416;19-FEB-97;"1997-02";1997;"Q1"
417;20-FEB-97;"1997-02";1997;"Q1"
418;21-FEB-97;"1997-02";1997;"Q1"
419;22-FEB-97;"1997-02";1997;"Q1"
420;23-FEB-97;"1997-02";1997;"Q1"
421;24-FEB-97;"1997-02";1997;"Q1"
422;25-FEB-97;"1997-02";1997;"Q1"
423;26-FEB-97;"1997-02";1997;"Q1"
424;27-FEB-97;"1997-02";1997;"Q1"
425;28-FEB-97;"1997-02";1997;"Q1"
426;01-MAR-97;"1997-03";1997;"Q1"
427;02-MAR-97;"1997-03";1997;"Q1"
428;03-MAR-97;"1997-03";1997;"Q1"
429;04-MAR-97;"1997-03";1997;"Q1"
430;05-MAR-97;"1997-03";1997;"Q1"
431;06-MAR-97;"1997-03";1997;"Q1"
432;07-MAR-97;"1997-03";1997;"Q1"
433;08-MAR-97;"1997-03";1997;"Q1"
434;09-MAR-97;"1997-03";1997;"Q1"
435;10-MAR-97;"1997-03";1997;"Q1"
436;11-MAR-97;"1997-03";1997;"Q1"
437;12-MAR-97;"1997-03";1997;"Q1"
438;13-MAR-97;"1997-03";1997;"Q1"
439;14-MAR-97;"1997-03";1997;"Q1"
440;15-MAR-97;"1997-03";1997;"Q1"
441;16-MAR-97;"1997-03";1997;"Q1"
442;17-MAR-97;"1997-03";1997;"Q1"
443;18-MAR-97;"1997-03";1997;"Q1"
444;19-MAR-97;"1997-03";1997;"Q1"
445;20-MAR-97;"1997-03";1997;"Q1"
446;21-MAR-97;"1997-03";1997;"Q1"
447;22-MAR-97;"1997-03";1997;"Q1"
448;23-MAR-97;"1997-03";1997;"Q1"
449;24-MAR-97;"1997-03";1997;"Q1"
450;25-MAR-97;"1997-03";1997;"Q1"
451;26-MAR-97;"1997-03";1997;"Q1"
452;27-MAR-97;"1997-03";1997;"Q1"
453;28-MAR-97;"1997-03";1997;"Q1"
454;29-MAR-97;"1997-03";1997;"Q1"
455;30-MAR-97;"1997-03";1997;"Q1"
456;31-MAR-97;"1997-03";1997;"Q1"
457;01-APR-97;"1997-04";1997;"Q2"
458;02-APR-97;"1997-04";1997;"Q2"
459;03-APR-97;"1997-04";1997;"Q2"
460;04-APR-97;"1997-04";1997;"Q2"
461;05-APR-97;"1997-04";1997;"Q2"
462;06-APR-97;"1997-04";1997;"Q2"
463;07-APR-97;"1997-04";1997;"Q2"
464;08-APR-97;"1997-04";1997;"Q2"
465;09-APR-97;"1997-04";1997;"Q2"
466;10-APR-97;"1997-04";1997;"Q2"
467;11-APR-97;"1997-04";1997;"Q2"
468;12-APR-97;"1997-04";1997;"Q2"
469;13-APR-97;"1997-04";1997;"Q2"
470;14-APR-97;"1997-04";1997;"Q2"
471;15-APR-97;"1997-04";1997;"Q2"
472;16-APR-97;"1997-04";1997;"Q2"
473;17-APR-97;"1997-04";1997;"Q2"
474;18-APR-97;"1997-04";1997;"Q2"
475;19-APR-97;"1997-04";1997;"Q2"
476;20-APR-97;"1997-04";1997;"Q2"
477;21-APR-97;"1997-04";1997;"Q2"
478;22-APR-97;"1997-04";1997;"Q2"
479;23-APR-97;"1997-04";1997;"Q2"
480;24-APR-97;"1997-04";1997;"Q2"
481;25-APR-97;"1997-04";1997;"Q2"
482;26-APR-97;"1997-04";1997;"Q2"
483;27-APR-97;"1997-04";1997;"Q2"
484;28-APR-97;"1997-04";1997;"Q2"
485;29-APR-97;"1997-04";1997;"Q2"
486;30-APR-97;"1997-04";1997;"Q2"
487;01-MAY-97;"1997-05";1997;"Q2"
488;02-MAY-97;"1997-05";1997;"Q2"
489;03-MAY-97;"1997-05";1997;"Q2"
490;04-MAY-97;"1997-05";1997;"Q2"
491;05-MAY-97;"1997-05";1997;"Q2"
492;06-MAY-97;"1997-05";1997;"Q2"
493;07-MAY-97;"1997-05";1997;"Q2"
494;08-MAY-97;"1997-05";1997;"Q2"
495;09-MAY-97;"1997-05";1997;"Q2"
496;10-MAY-97;"1997-05";1997;"Q2"
497;11-MAY-97;"1997-05";1997;"Q2"
498;12-MAY-97;"1997-05";1997;"Q2"
499;13-MAY-97;"1997-05";1997;"Q2"
500;14-MAY-97;"1997-05";1997;"Q2"
501;15-MAY-97;"1997-05";1997;"Q2"
502;16-MAY-97;"1997-05";1997;"Q2"
503;17-MAY-97;"1997-05";1997;"Q2"
504;18-MAY-97;"1997-05";1997;"Q2"
505;19-MAY-97;"1997-05";1997;"Q2"
506;20-MAY-97;"1997-05";1997;"Q2"
507;21-MAY-97;"1997-05";1997;"Q2"
508;22-MAY-97;"1997-05";1997;"Q2"
509;23-MAY-97;"1997-05";1997;"Q2"
510;24-MAY-97;"1997-05";1997;"Q2"
511;25-MAY-97;"1997-05";1997;"Q2"
512;26-MAY-97;"1997-05";1997;"Q2"
513;27-MAY-97;"1997-05";1997;"Q2"
514;28-MAY-97;"1997-05";1997;"Q2"
515;29-MAY-97;"1997-05";1997;"Q2"
516;30-MAY-97;"1997-05";1997;"Q2"
517;31-MAY-97;"1997-05";1997;"Q2"
518;01-JUN-97;"1997-06";1997;"Q2"
519;02-JUN-97;"1997-06";1997;"Q2"
520;03-JUN-97;"1997-06";1997;"Q2"
521;04-JUN-97;"1997-06";1997;"Q2"
522;05-JUN-97;"1997-06";1997;"Q2"
523;06-JUN-97;"1997-06";1997;"Q2"
524;07-JUN-97;"1997-06";1997;"Q2"
525;08-JUN-97;"1997-06";1997;"Q2"
526;09-JUN-97;"1997-06";1997;"Q2"
527;10-JUN-97;"1997-06";1997;"Q2"
528;11-JUN-97;"1997-06";1997;"Q2"
529;12-JUN-97;"1997-06";1997;"Q2"
530;13-JUN-97;"1997-06";1997;"Q2"
531;14-JUN-97;"1997-06";1997;"Q2"
532;15-JUN-97;"1997-06";1997;"Q2"
533;16-JUN-97;"1997-06";1997;"Q2"
534;17-JUN-97;"1997-06";1997;"Q2"
535;18-JUN-97;"1997-06";1997;"Q2"
536;19-JUN-97;"1997-06";1997;"Q2"
537;20-JUN-97;"1997-06";1997;"Q2"
538;21-JUN-97;"1997-06";1997;"Q2"
539;22-JUN-97;"1997-06";1997;"Q2"
540;23-JUN-97;"1997-06";1997;"Q2"
541;24-JUN-97;"1997-06";1997;"Q2"
542;25-JUN-97;"1997-06";1997;"Q2"
543;26-JUN-97;"1997-06";1997;"Q2"
544;27-JUN-97;"1997-06";1997;"Q2"
545;28-JUN-97;"1997-06";1997;"Q2"
546;29-JUN-97;"1997-06";1997;"Q2"
547;30-JUN-97;"1997-06";1997;"Q2"
548;01-JUL-97;"1997-07";1997;"Q3"
549;02-JUL-97;"1997-07";1997;"Q3"
550;03-JUL-97;"1997-07";1997;"Q3"
551;04-JUL-97;"1997-07";1997;"Q3"
552;05-JUL-97;"1997-07";1997;"Q3"
553;06-JUL-97;"1997-07";1997;"Q3"
554;07-JUL-97;"1997-07";1997;"Q3"
555;08-JUL-97;"1997-07";1997;"Q3"
556;09-JUL-97;"1997-07";1997;"Q3"
557;10-JUL-97;"1997-07";1997;"Q3"
558;11-JUL-97;"1997-07";1997;"Q3"
559;12-JUL-97;"1997-07";1997;"Q3"
560;13-JUL-97;"1997-07";1997;"Q3"
561;14-JUL-97;"1997-07";1997;"Q3"
562;15-JUL-97;"1997-07";1997;"Q3"
563;16-JUL-97;"1997-07";1997;"Q3"
564;17-JUL-97;"1997-07";1997;"Q3"
565;18-JUL-97;"1997-07";1997;"Q3"
566;19-JUL-97;"1997-07";1997;"Q3"
567;20-JUL-97;"1997-07";1997;"Q3"
568;21-JUL-97;"1997-07";1997;"Q3"
569;22-JUL-97;"1997-07";1997;"Q3"
570;23-JUL-97;"1997-07";1997;"Q3"
571;24-JUL-97;"1997-07";1997;"Q3"
572;25-JUL-97;"1997-07";1997;"Q3"
573;26-JUL-97;"1997-07";1997;"Q3"
574;27-JUL-97;"1997-07";1997;"Q3"
575;28-JUL-97;"1997-07";1997;"Q3"
576;29-JUL-97;"1997-07";1997;"Q3"
577;30-JUL-97;"1997-07";1997;"Q3"
578;31-JUL-97;"1997-07";1997;"Q3"
579;01-AUG-97;"1997-08";1997;"Q3"
580;02-AUG-97;"1997-08";1997;"Q3"
581;03-AUG-97;"1997-08";1997;"Q3"
582;04-AUG-97;"1997-08";1997;"Q3"
583;05-AUG-97;"1997-08";1997;"Q3"
584;06-AUG-97;"1997-08";1997;"Q3"
585;07-AUG-97;"1997-08";1997;"Q3"
586;08-AUG-97;"1997-08";1997;"Q3"
587;09-AUG-97;"1997-08";1997;"Q3"
588;10-AUG-97;"1997-08";1997;"Q3"
589;11-AUG-97;"1997-08";1997;"Q3"
590;12-AUG-97;"1997-08";1997;"Q3"
591;13-AUG-97;"1997-08";1997;"Q3"
592;14-AUG-97;"1997-08";1997;"Q3"
593;15-AUG-97;"1997-08";1997;"Q3"
594;16-AUG-97;"1997-08";1997;"Q3"
595;17-AUG-97;"1997-08";1997;"Q3"
596;18-AUG-97;"1997-08";1997;"Q3"
597;19-AUG-97;"1997-08";1997;"Q3"
598;20-AUG-97;"1997-08";1997;"Q3"
599;21-AUG-97;"1997-08";1997;"Q3"
600;22-AUG-97;"1997-08";1997;"Q3"
601;23-AUG-97;"1997-08";1997;"Q3"
602;24-AUG-97;"1997-08";1997;"Q3"
603;25-AUG-97;"1997-08";1997;"Q3"
604;26-AUG-97;"1997-08";1997;"Q3"
605;27-AUG-97;"1997-08";1997;"Q3"
606;28-AUG-97;"1997-08";1997;"Q3"
607;29-AUG-97;"1997-08";1997;"Q3"
608;30-AUG-97;"1997-08";1997;"Q3"
609;31-AUG-97;"1997-08";1997;"Q3"
610;01-SEP-97;"1997-09";1997;"Q3"
611;02-SEP-97;"1997-09";1997;"Q3"
612;03-SEP-97;"1997-09";1997;"Q3"
613;04-SEP-97;"1997-09";1997;"Q3"
614;05-SEP-97;"1997-09";1997;"Q3"
615;06-SEP-97;"1997-09";1997;"Q3"
616;07-SEP-97;"1997-09";1997;"Q3"
617;08-SEP-97;"1997-09";1997;"Q3"
618;09-SEP-97;"1997-09";1997;"Q3"
619;10-SEP-97;"1997-09";1997;"Q3"
620;11-SEP-97;"1997-09";1997;"Q3"
621;12-SEP-97;"1997-09";1997;"Q3"
622;13-SEP-97;"1997-09";1997;"Q3"
623;14-SEP-97;"1997-09";1997;"Q3"
624;15-SEP-97;"1997-09";1997;"Q3"
625;16-SEP-97;"1997-09";1997;"Q3"
626;17-SEP-97;"1997-09";1997;"Q3"
627;18-SEP-97;"1997-09";1997;"Q3"
628;19-SEP-97;"1997-09";1997;"Q3"
629;20-SEP-97;"1997-09";1997;"Q3"
630;21-SEP-97;"1997-09";1997;"Q3"
631;22-SEP-97;"1997-09";1997;"Q3"
632;23-SEP-97;"1997-09";1997;"Q3"
633;24-SEP-97;"1997-09";1997;"Q3"
634;25-SEP-97;"1997-09";1997;"Q3"
635;26-SEP-97;"1997-09";1997;"Q3"
636;27-SEP-97;"1997-09";1997;"Q3"
637;28-SEP-97;"1997-09";1997;"Q3"
638;29-SEP-97;"1997-09";1997;"Q3"
639;30-SEP-97;"1997-09";1997;"Q3"
640;01-OCT-97;"1997-10";1997;"Q4"
641;02-OCT-97;"1997-10";1997;"Q4"
642;03-OCT-97;"1997-10";1997;"Q4"
643;04-OCT-97;"1997-10";1997;"Q4"
644;05-OCT-97;"1997-10";1997;"Q4"
645;06-OCT-97;"1997-10";1997;"Q4"
646;07-OCT-97;"1997-10";1997;"Q4"
647;08-OCT-97;"1997-10";1997;"Q4"
648;09-OCT-97;"1997-10";1997;"Q4"
649;10-OCT-97;"1997-10";1997;"Q4"
650;11-OCT-97;"1997-10";1997;"Q4"
651;12-OCT-97;"1997-10";1997;"Q4"
652;13-OCT-97;"1997-10";1997;"Q4"
653;14-OCT-97;"1997-10";1997;"Q4"
654;15-OCT-97;"1997-10";1997;"Q4"
655;16-OCT-97;"1997-10";1997;"Q4"
656;17-OCT-97;"1997-10";1997;"Q4"
657;18-OCT-97;"1997-10";1997;"Q4"
658;19-OCT-97;"1997-10";1997;"Q4"
659;20-OCT-97;"1997-10";1997;"Q4"
660;21-OCT-97;"1997-10";1997;"Q4"
661;22-OCT-97;"1997-10";1997;"Q4"
662;23-OCT-97;"1997-10";1997;"Q4"
663;24-OCT-97;"1997-10";1997;"Q4"
664;25-OCT-97;"1997-10";1997;"Q4"
665;26-OCT-97;"1997-10";1997;"Q4"
666;27-OCT-97;"1997-10";1997;"Q4"
667;28-OCT-97;"1997-10";1997;"Q4"
668;29-OCT-97;"1997-10";1997;"Q4"
669;30-OCT-97;"1997-10";1997;"Q4"
670;31-OCT-97;"1997-10";1997;"Q4"
671;01-NOV-97;"1997-11";1997;"Q4"
672;02-NOV-97;"1997-11";1997;"Q4"
673;03-NOV-97;"1997-11";1997;"Q4"
674;04-NOV-97;"1997-11";1997;"Q4"
675;05-NOV-97;"1997-11";1997;"Q4"
676;06-NOV-97;"1997-11";1997;"Q4"
677;07-NOV-97;"1997-11";1997;"Q4"
678;08-NOV-97;"1997-11";1997;"Q4"
679;09-NOV-97;"1997-11";1997;"Q4"
680;10-NOV-97;"1997-11";1997;"Q4"
681;11-NOV-97;"1997-11";1997;"Q4"
682;12-NOV-97;"1997-11";1997;"Q4"
683;13-NOV-97;"1997-11";1997;"Q4"
684;14-NOV-97;"1997-11";1997;"Q4"
685;15-NOV-97;"1997-11";1997;"Q4"
686;16-NOV-97;"1997-11";1997;"Q4"
687;17-NOV-97;"1997-11";1997;"Q4"
688;18-NOV-97;"1997-11";1997;"Q4"
689;19-NOV-97;"1997-11";1997;"Q4"
690;20-NOV-97;"1997-11";1997;"Q4"
691;21-NOV-97;"1997-11";1997;"Q4"
692;22-NOV-97;"1997-11";1997;"Q4"
693;23-NOV-97;"1997-11";1997;"Q4"
694;24-NOV-97;"1997-11";1997;"Q4"
695;25-NOV-97;"1997-11";1997;"Q4"
696;26-NOV-97;"1997-11";1997;"Q4"
697;27-NOV-97;"1997-11";1997;"Q4"
698;28-NOV-97;"1997-11";1997;"Q4"
699;29-NOV-97;"1997-11";1997;"Q4"
700;30-NOV-97;"1997-11";1997;"Q4"
701;01-DEC-97;"1997-12";1997;"Q4"
702;02-DEC-97;"1997-12";1997;"Q4"
703;03-DEC-97;"1997-12";1997;"Q4"
704;04-DEC-97;"1997-12";1997;"Q4"
705;05-DEC-97;"1997-12";1997;"Q4"
706;06-DEC-97;"1997-12";1997;"Q4"
707;07-DEC-97;"1997-12";1997;"Q4"
708;08-DEC-97;"1997-12";1997;"Q4"
709;09-DEC-97;"1997-12";1997;"Q4"
710;10-DEC-97;"1997-12";1997;"Q4"
711;11-DEC-97;"1997-12";1997;"Q4"
712;12-DEC-97;"1997-12";1997;"Q4"
713;13-DEC-97;"1997-12";1997;"Q4"
714;14-DEC-97;"1997-12";1997;"Q4"
715;15-DEC-97;"1997-12";1997;"Q4"
716;16-DEC-97;"1997-12";1997;"Q4"
717;17-DEC-97;"1997-12";1997;"Q4"
718;18-DEC-97;"1997-12";1997;"Q4"
719;19-DEC-97;"1997-12";1997;"Q4"
720;20-DEC-97;"1997-12";1997;"Q4"
721;21-DEC-97;"1997-12";1997;"Q4"
722;22-DEC-97;"1997-12";1997;"Q4"
723;23-DEC-97;"1997-12";1997;"Q4"
724;24-DEC-97;"1997-12";1997;"Q4"
725;25-DEC-97;"1997-12";1997;"Q4"
726;26-DEC-97;"1997-12";1997;"Q4"
727;27-DEC-97;"1997-12";1997;"Q4"
728;28-DEC-97;"1997-12";1997;"Q4"
729;29-DEC-97;"1997-12";1997;"Q4"
730;30-DEC-97;"1997-12";1997;"Q4"
731;31-DEC-97;"1997-12";1997;"Q4"
732;01-JAN-98;"1998-01";1998;"Q1"
733;02-JAN-98;"1998-01";1998;"Q1"
734;03-JAN-98;"1998-01";1998;"Q1"
735;04-JAN-98;"1998-01";1998;"Q1"
736;05-JAN-98;"1998-01";1998;"Q1"
737;06-JAN-98;"1998-01";1998;"Q1"
738;07-JAN-98;"1998-01";1998;"Q1"
739;08-JAN-98;"1998-01";1998;"Q1"
740;09-JAN-98;"1998-01";1998;"Q1"
741;10-JAN-98;"1998-01";1998;"Q1"
742;11-JAN-98;"1998-01";1998;"Q1"
743;12-JAN-98;"1998-01";1998;"Q1"
744;13-JAN-98;"1998-01";1998;"Q1"
745;14-JAN-98;"1998-01";1998;"Q1"
746;15-JAN-98;"1998-01";1998;"Q1"
747;16-JAN-98;"1998-01";1998;"Q1"
748;17-JAN-98;"1998-01";1998;"Q1"
749;18-JAN-98;"1998-01";1998;"Q1"
750;19-JAN-98;"1998-01";1998;"Q1"
751;20-JAN-98;"1998-01";1998;"Q1"
752;21-JAN-98;"1998-01";1998;"Q1"
753;22-JAN-98;"1998-01";1998;"Q1"
754;23-JAN-98;"1998-01";1998;"Q1"
755;24-JAN-98;"1998-01";1998;"Q1"
756;25-JAN-98;"1998-01";1998;"Q1"
757;26-JAN-98;"1998-01";1998;"Q1"
758;27-JAN-98;"1998-01";1998;"Q1"
759;28-JAN-98;"1998-01";1998;"Q1"
760;29-JAN-98;"1998-01";1998;"Q1"
761;30-JAN-98;"1998-01";1998;"Q1"
762;31-JAN-98;"1998-01";1998;"Q1"
763;01-FEB-98;"1998-02";1998;"Q1"
764;02-FEB-98;"1998-02";1998;"Q1"
765;03-FEB-98;"1998-02";1998;"Q1"
766;04-FEB-98;"1998-02";1998;"Q1"
767;05-FEB-98;"1998-02";1998;"Q1"
768;06-FEB-98;"1998-02";1998;"Q1"
769;07-FEB-98;"1998-02";1998;"Q1"
770;08-FEB-98;"1998-02";1998;"Q1"
771;09-FEB-98;"1998-02";1998;"Q1"
772;10-FEB-98;"1998-02";1998;"Q1"
773;11-FEB-98;"1998-02";1998;"Q1"
774;12-FEB-98;"1998-02";1998;"Q1"
775;13-FEB-98;"1998-02";1998;"Q1"
776;14-FEB-98;"1998-02";1998;"Q1"
777;15-FEB-98;"1998-02";1998;"Q1"
778;16-FEB-98;"1998-02";1998;"Q1"
779;17-FEB-98;"1998-02";1998;"Q1"
780;18-FEB-98;"1998-02";1998;"Q1"
781;19-FEB-98;"1998-02";1998;"Q1"
782;20-FEB-98;"1998-02";1998;"Q1"
783;21-FEB-98;"1998-02";1998;"Q1"
784;22-FEB-98;"1998-02";1998;"Q1"
785;23-FEB-98;"1998-02";1998;"Q1"
786;24-FEB-98;"1998-02";1998;"Q1"
787;25-FEB-98;"1998-02";1998;"Q1"
788;26-FEB-98;"1998-02";1998;"Q1"
789;27-FEB-98;"1998-02";1998;"Q1"
790;28-FEB-98;"1998-02";1998;"Q1"
791;01-MAR-98;"1998-03";1998;"Q1"
792;02-MAR-98;"1998-03";1998;"Q1"
793;03-MAR-98;"1998-03";1998;"Q1"
794;04-MAR-98;"1998-03";1998;"Q1"
795;05-MAR-98;"1998-03";1998;"Q1"
796;06-MAR-98;"1998-03";1998;"Q1"
797;07-MAR-98;"1998-03";1998;"Q1"
798;08-MAR-98;"1998-03";1998;"Q1"
799;09-MAR-98;"1998-03";1998;"Q1"
800;10-MAR-98;"1998-03";1998;"Q1"
801;11-MAR-98;"1998-03";1998;"Q1"
802;12-MAR-98;"1998-03";1998;"Q1"
803;13-MAR-98;"1998-03";1998;"Q1"
804;14-MAR-98;"1998-03";1998;"Q1"
805;15-MAR-98;"1998-03";1998;"Q1"
806;16-MAR-98;"1998-03";1998;"Q1"
807;17-MAR-98;"1998-03";1998;"Q1"
808;18-MAR-98;"1998-03";1998;"Q1"
809;19-MAR-98;"1998-03";1998;"Q1"
810;20-MAR-98;"1998-03";1998;"Q1"
811;21-MAR-98;"1998-03";1998;"Q1"
812;22-MAR-98;"1998-03";1998;"Q1"
813;23-MAR-98;"1998-03";1998;"Q1"
814;24-MAR-98;"1998-03";1998;"Q1"
815;25-MAR-98;"1998-03";1998;"Q1"
816;26-MAR-98;"1998-03";1998;"Q1"
817;27-MAR-98;"1998-03";1998;"Q1"
818;28-MAR-98;"1998-03";1998;"Q1"
819;29-MAR-98;"1998-03";1998;"Q1"
820;30-MAR-98;"1998-03";1998;"Q1"
821;31-MAR-98;"1998-03";1998;"Q1"
822;01-APR-98;"1998-04";1998;"Q2"
823;02-APR-98;"1998-04";1998;"Q2"
